cell_id,true_state,true_branch,true_pseudotime,spatial_x,spatial_y,true_spatial_domain
CELL_0070,root_progenitor,root,0.0448,-0.0381,0.0958,left_progenitor_region
CELL_0827,branch_b_terminal,branch_b,0.8634,2.9773,-1.3711,lower_terminal_region
CELL_0231,transition_state,transition,0.2234,0.1351,-0.2344,left_progenitor_region
CELL_0588,branch_a_terminal,branch_a,0.8613,2.9387,1.2402,upper_terminal_region
CELL_0039,root_progenitor,root,0.0454,-0.4392,0.082,left_progenitor_region
CELL_0731,branch_b_terminal,branch_b,0.6302,2.3159,-0.8492,lower_terminal_region
CELL_0299,transition_state,transition,0.3052,0.3972,0.1239,left_progenitor_region
CELL_0110,root_progenitor,root,0.107,-0.0473,0.0822,left_progenitor_region
CELL_0072,root_progenitor,root,0.052,-0.0313,0.3704,left_progenitor_region
CELL_0086,root_progenitor,root,0.0715,-0.1179,0.1148,left_progenitor_region
CELL_0139,root_progenitor,root,0.1706,-0.4977,-0.3738,left_progenitor_region
CELL_0533,branch_a_terminal,branch_a,0.7123,2.379,0.9626,upper_terminal_region
CELL_0801,branch_b_terminal,branch_b,0.7956,2.9521,-1.0966,lower_terminal_region
CELL_0120,root_progenitor,root,0.0942,0.0785,-0.2083,left_progenitor_region
CELL_0711,branch_b_terminal,branch_b,0.5993,2.5465,-0.8966,lower_terminal_region
CELL_0590,branch_a_terminal,branch_a,0.8516,2.756,1.2796,upper_terminal_region
CELL_0168,root_progenitor,root,0.1511,-0.1884,-0.2581,left_progenitor_region
CELL_0422,branch_a_terminal,branch_a,0.5161,2.0931,0.8739,transition_ring_region
CELL_0447,branch_a_terminal,branch_a,0.5561,1.9483,0.7085,transition_ring_region
CELL_0067,root_progenitor,root,0.0543,0.2671,0.0582,left_progenitor_region
CELL_0211,root_progenitor,root,0.1728,0.5132,0.043,left_progenitor_region
CELL_0741,branch_b_terminal,branch_b,0.6953,2.2231,-1.1463,lower_terminal_region
CELL_0688,branch_b_terminal,branch_b,0.5764,2.0125,-0.4874,transition_ring_region
CELL_0333,transition_state,transition,0.419,0.3768,-0.3087,left_progenitor_region
CELL_0542,branch_a_terminal,branch_a,0.7505,2.7853,0.9708,upper_terminal_region
CELL_0344,transition_state,transition,0.4183,0.862,0.168,central_transition_region
CELL_0030,root_progenitor,root,0.0595,0.12,-0.4361,left_progenitor_region
CELL_0837,branch_b_terminal,branch_b,0.8582,2.8733,-1.211,lower_terminal_region
CELL_0658,branch_a_terminal,branch_a,1.0,2.8214,1.5435,upper_terminal_region
CELL_0522,branch_a_terminal,branch_a,0.6874,2.5596,1.4117,upper_terminal_region
CELL_0260,transition_state,transition,0.287,0.4687,0.1773,left_progenitor_region
CELL_0756,branch_b_terminal,branch_b,0.7003,2.2001,-1.3387,lower_terminal_region
CELL_0298,transition_state,transition,0.3129,0.4787,-0.0548,left_progenitor_region
CELL_0531,branch_a_terminal,branch_a,0.7447,2.5057,1.5016,upper_terminal_region
CELL_0615,branch_a_terminal,branch_a,0.9062,3.1986,1.2027,upper_terminal_region
CELL_0675,branch_b_terminal,branch_b,0.5373,1.9747,-0.8228,transition_ring_region
CELL_0023,root_progenitor,root,0.0187,0.0389,0.0879,left_progenitor_region
CELL_0589,branch_a_terminal,branch_a,0.8647,3.1981,1.117,upper_terminal_region
CELL_0431,branch_a_terminal,branch_a,0.5448,2.1516,0.7795,transition_ring_region
CELL_0209,root_progenitor,root,0.1859,0.1449,0.1311,left_progenitor_region
CELL_0063,root_progenitor,root,0.0663,-0.1478,0.1477,left_progenitor_region
CELL_0239,transition_state,transition,0.2309,0.4326,-0.3071,left_progenitor_region
CELL_0370,transition_state,transition,0.4608,0.4775,-0.0727,left_progenitor_region
CELL_0744,branch_b_terminal,branch_b,0.6711,2.701,-1.0156,lower_terminal_region
CELL_0652,branch_a_terminal,branch_a,0.976,3.0004,1.561,upper_terminal_region
CELL_0625,branch_a_terminal,branch_a,0.9295,2.8888,1.4962,upper_terminal_region
CELL_0215,root_progenitor,root,0.2114,0.462,-0.0435,left_progenitor_region
CELL_0519,branch_a_terminal,branch_a,0.7033,2.1997,1.0957,central_transition_region
CELL_0494,branch_a_terminal,branch_a,0.661,2.4184,0.8527,upper_terminal_region
CELL_0832,branch_b_terminal,branch_b,0.8471,3.0904,-1.459,lower_terminal_region
CELL_0453,branch_a_terminal,branch_a,0.5371,1.9489,0.8381,transition_ring_region
CELL_0352,transition_state,transition,0.4398,0.6266,-0.054,left_progenitor_region
CELL_0549,branch_a_terminal,branch_a,0.7561,2.4574,1.1483,upper_terminal_region
CELL_0280,transition_state,transition,0.3041,0.5395,-0.3061,left_progenitor_region
CELL_0247,transition_state,transition,0.27,0.5827,0.2315,left_progenitor_region
CELL_0213,root_progenitor,root,0.1873,0.1538,-0.4327,left_progenitor_region
CELL_0137,root_progenitor,root,0.1377,-0.0772,0.2339,left_progenitor_region
CELL_0396,transition_state,transition,0.5047,0.7235,-0.1427,left_progenitor_region
CELL_0302,transition_state,transition,0.3289,0.1139,-0.0729,left_progenitor_region
CELL_0543,branch_a_terminal,branch_a,0.7549,2.5453,1.195,upper_terminal_region
CELL_0044,root_progenitor,root,0.0419,0.1457,0.4331,left_progenitor_region
CELL_0390,transition_state,transition,0.5049,0.5193,-0.0972,left_progenitor_region
CELL_0739,branch_b_terminal,branch_b,0.6489,2.4361,-0.9907,lower_terminal_region
CELL_0448,branch_a_terminal,branch_a,0.5886,2.1493,1.0373,transition_ring_region
CELL_0208,root_progenitor,root,0.1768,-0.0475,-0.2783,left_progenitor_region
CELL_0198,root_progenitor,root,0.1807,0.1785,0.0604,left_progenitor_region
CELL_0668,branch_b_terminal,branch_b,0.5046,2.1024,-0.775,transition_ring_region
CELL_0516,branch_a_terminal,branch_a,0.6952,2.253,0.9364,upper_terminal_region
CELL_0328,transition_state,transition,0.3708,0.7936,0.5618,left_progenitor_region
CELL_0449,branch_a_terminal,branch_a,0.573,2.4225,0.8304,upper_terminal_region
CELL_0626,branch_a_terminal,branch_a,0.9117,3.116,0.7841,upper_terminal_region
CELL_0583,branch_a_terminal,branch_a,0.862,3.0686,1.6048,upper_terminal_region
CELL_0826,branch_b_terminal,branch_b,0.8331,2.7462,-1.6667,lower_terminal_region
CELL_0314,transition_state,transition,0.3921,0.4161,0.0875,left_progenitor_region
CELL_0136,root_progenitor,root,0.1289,-0.0716,0.1135,left_progenitor_region
CELL_0843,branch_b_terminal,branch_b,0.8923,2.9797,-1.0565,lower_terminal_region
CELL_0361,transition_state,transition,0.4317,0.2873,-0.1086,left_progenitor_region
CELL_0493,branch_a_terminal,branch_a,0.6568,2.4211,1.2191,upper_terminal_region
CELL_0060,root_progenitor,root,0.0296,-0.5728,0.0761,left_progenitor_region
CELL_0664,branch_b_terminal,branch_b,0.4966,2.5296,-0.6894,lower_terminal_region
CELL_0525,branch_a_terminal,branch_a,0.7253,2.4795,0.6328,upper_terminal_region
CELL_0174,root_progenitor,root,0.1397,0.1371,0.047,left_progenitor_region
CELL_0536,branch_a_terminal,branch_a,0.751,2.6094,0.8381,upper_terminal_region
CELL_0066,root_progenitor,root,0.055,-0.1427,0.2034,left_progenitor_region
CELL_0820,branch_b_terminal,branch_b,0.8333,2.9293,-1.1684,lower_terminal_region
CELL_0777,branch_b_terminal,branch_b,0.7327,2.5298,-1.0811,lower_terminal_region
CELL_0381,transition_state,transition,0.5047,0.6131,0.1266,left_progenitor_region
CELL_0485,branch_a_terminal,branch_a,0.6505,2.1871,0.8096,transition_ring_region
CELL_0218,root_progenitor,root,0.1968,-0.2173,0.0443,left_progenitor_region
CELL_0575,branch_a_terminal,branch_a,0.8115,2.3947,0.8225,upper_terminal_region
CELL_0346,transition_state,transition,0.4223,0.426,-0.0481,left_progenitor_region
CELL_0545,branch_a_terminal,branch_a,0.7629,2.5235,1.0206,upper_terminal_region
CELL_0800,branch_b_terminal,branch_b,0.8012,2.8733,-1.152,lower_terminal_region
CELL_0809,branch_b_terminal,branch_b,0.8277,2.9321,-1.5839,lower_terminal_region
CELL_0778,branch_b_terminal,branch_b,0.7197,2.7826,-1.2005,lower_terminal_region
CELL_0398,transition_state,transition,0.5406,0.485,-0.45,left_progenitor_region
CELL_0076,root_progenitor,root,0.063,0.2142,0.2105,left_progenitor_region
CELL_0196,root_progenitor,root,0.1886,-0.3559,0.1116,left_progenitor_region
CELL_0631,branch_a_terminal,branch_a,0.9583,2.724,1.6632,upper_terminal_region
CELL_0751,branch_b_terminal,branch_b,0.6693,2.5286,-1.1434,lower_terminal_region
CELL_0570,branch_a_terminal,branch_a,0.8075,2.7686,1.2998,upper_terminal_region
CELL_0405,transition_state,transition,0.5309,0.6974,-0.2246,left_progenitor_region
CELL_0512,branch_a_terminal,branch_a,0.6731,2.3529,1.1377,upper_terminal_region
CELL_0338,transition_state,transition,0.4084,0.8969,0.0989,central_transition_region
CELL_0895,branch_b_terminal,branch_b,0.9918,2.9261,-1.6942,lower_terminal_region
CELL_0227,transition_state,transition,0.2195,-0.0112,-0.3917,left_progenitor_region
CELL_0669,branch_b_terminal,branch_b,0.4984,1.916,-0.8086,transition_ring_region
CELL_0204,root_progenitor,root,0.1555,-0.2601,-0.6032,left_progenitor_region
CELL_0745,branch_b_terminal,branch_b,0.6752,2.0933,-0.8717,transition_ring_region
CELL_0192,root_progenitor,root,0.1696,-0.1592,0.1353,left_progenitor_region
CELL_0874,branch_b_terminal,branch_b,0.9503,3.1489,-0.9469,lower_terminal_region
CELL_0794,branch_b_terminal,branch_b,0.7877,3.0084,-1.182,lower_terminal_region
CELL_0774,branch_b_terminal,branch_b,0.7399,2.7816,-0.946,lower_terminal_region
CELL_0481,branch_a_terminal,branch_a,0.6192,2.5146,1.1639,upper_terminal_region
CELL_0834,branch_b_terminal,branch_b,0.8674,2.5463,-1.2072,lower_terminal_region
CELL_0465,branch_a_terminal,branch_a,0.5569,1.948,0.5534,transition_ring_region
CELL_0807,branch_b_terminal,branch_b,0.7997,2.784,-1.3168,lower_terminal_region
CELL_0885,branch_b_terminal,branch_b,0.9663,3.2641,-1.1622,lower_terminal_region
CELL_0096,root_progenitor,root,0.0678,-0.1696,0.1874,left_progenitor_region
CELL_0891,branch_b_terminal,branch_b,0.998,3.3946,-1.635,lower_terminal_region
CELL_0326,transition_state,transition,0.3877,0.5403,-0.3186,left_progenitor_region
CELL_0294,transition_state,transition,0.3343,0.6376,0.0758,left_progenitor_region
CELL_0210,root_progenitor,root,0.2055,-0.3736,0.1748,left_progenitor_region
CELL_0440,branch_a_terminal,branch_a,0.5597,2.1793,1.0076,transition_ring_region
CELL_0783,branch_b_terminal,branch_b,0.7689,2.6035,-0.8888,lower_terminal_region
CELL_0078,root_progenitor,root,0.0806,-0.0513,-0.5009,left_progenitor_region
CELL_0265,transition_state,transition,0.2645,0.0865,0.0904,left_progenitor_region
CELL_0829,branch_b_terminal,branch_b,0.8555,3.169,-0.9852,lower_terminal_region
CELL_0428,branch_a_terminal,branch_a,0.5265,2.0153,1.0521,transition_ring_region
CELL_0141,root_progenitor,root,0.1139,-0.1799,-0.3756,left_progenitor_region
CELL_0582,branch_a_terminal,branch_a,0.8448,2.6826,1.4019,upper_terminal_region
CELL_0743,branch_b_terminal,branch_b,0.6793,2.1728,-0.8853,transition_ring_region
CELL_0363,transition_state,transition,0.4572,0.771,-0.0768,left_progenitor_region
CELL_0065,root_progenitor,root,0.0713,0.0921,0.2116,left_progenitor_region
CELL_0789,branch_b_terminal,branch_b,0.773,2.8531,-1.2156,lower_terminal_region
CELL_0291,transition_state,transition,0.3257,0.414,0.1268,left_progenitor_region
CELL_0603,branch_a_terminal,branch_a,0.9044,2.9479,1.4923,upper_terminal_region
CELL_0857,branch_b_terminal,branch_b,0.9197,2.6521,-1.5154,lower_terminal_region
CELL_0486,branch_a_terminal,branch_a,0.6425,2.4426,0.9603,upper_terminal_region
CELL_0235,transition_state,transition,0.2316,0.1975,-0.1115,left_progenitor_region
CELL_0250,transition_state,transition,0.2575,0.329,-0.1734,left_progenitor_region
CELL_0049,root_progenitor,root,0.0458,0.2474,-0.2946,left_progenitor_region
CELL_0657,branch_a_terminal,branch_a,0.9786,2.8848,1.6218,upper_terminal_region
CELL_0309,transition_state,transition,0.3431,0.6597,0.1355,left_progenitor_region
CELL_0709,branch_b_terminal,branch_b,0.5953,2.7566,-0.9471,lower_terminal_region
CELL_0275,transition_state,transition,0.2785,0.3668,-0.0212,left_progenitor_region
CELL_0894,branch_b_terminal,branch_b,0.9765,3.4058,-1.8468,lower_terminal_region
CELL_0165,root_progenitor,root,0.1371,0.0963,0.1391,left_progenitor_region
CELL_0513,branch_a_terminal,branch_a,0.6999,2.432,1.0994,upper_terminal_region
CELL_0033,root_progenitor,root,0.0179,0.0659,0.0131,left_progenitor_region
CELL_0031,root_progenitor,root,0.0222,0.2319,0.1136,left_progenitor_region
CELL_0673,branch_b_terminal,branch_b,0.5417,1.8752,-0.9614,transition_ring_region
CELL_0404,transition_state,transition,0.5256,0.8891,0.1132,central_transition_region
CELL_0518,branch_a_terminal,branch_a,0.6989,2.4444,1.5232,upper_terminal_region
CELL_0430,branch_a_terminal,branch_a,0.544,1.9431,0.266,central_transition_region
CELL_0109,root_progenitor,root,0.0736,-0.1636,0.107,left_progenitor_region
CELL_0077,root_progenitor,root,0.0727,0.1385,0.5819,left_progenitor_region
CELL_0412,transition_state,transition,0.5513,1.0151,0.0136,central_transition_region
CELL_0312,transition_state,transition,0.3466,0.3827,-0.1718,left_progenitor_region
CELL_0082,root_progenitor,root,0.0694,-0.4003,-0.1985,left_progenitor_region
CELL_0321,transition_state,transition,0.3872,0.4986,0.2264,left_progenitor_region
CELL_0649,branch_a_terminal,branch_a,0.9818,3.1026,1.3554,upper_terminal_region
CELL_0693,branch_b_terminal,branch_b,0.5689,2.391,-0.3978,lower_terminal_region
CELL_0360,transition_state,transition,0.4336,0.9597,-0.4639,transition_ring_region
CELL_0487,branch_a_terminal,branch_a,0.6163,2.4125,1.1414,upper_terminal_region
CELL_0464,branch_a_terminal,branch_a,0.5883,2.0972,0.7913,transition_ring_region
CELL_0005,root_progenitor,root,0.0,-0.3659,-0.1477,left_progenitor_region
CELL_0054,root_progenitor,root,0.0423,-0.293,-0.1296,left_progenitor_region
CELL_0734,branch_b_terminal,branch_b,0.6603,2.276,-0.8327,lower_terminal_region
CELL_0462,branch_a_terminal,branch_a,0.5971,2.2897,0.5714,upper_terminal_region
CELL_0323,transition_state,transition,0.3907,0.3931,0.091,left_progenitor_region
CELL_0367,transition_state,transition,0.4399,0.7854,0.0221,left_progenitor_region
CELL_0097,root_progenitor,root,0.0736,-0.0712,0.0494,left_progenitor_region
CELL_0444,branch_a_terminal,branch_a,0.5511,2.3227,0.9058,upper_terminal_region
CELL_0576,branch_a_terminal,branch_a,0.8598,2.9463,1.2883,upper_terminal_region
CELL_0897,branch_b_terminal,branch_b,0.9943,3.4674,-1.3006,lower_terminal_region
CELL_0578,branch_a_terminal,branch_a,0.8451,2.9921,1.4542,upper_terminal_region
CELL_0779,branch_b_terminal,branch_b,0.7721,2.3302,-1.5415,lower_terminal_region
CELL_0025,root_progenitor,root,0.0175,-0.1804,0.0791,left_progenitor_region
CELL_0084,root_progenitor,root,0.0588,0.0691,-0.3532,left_progenitor_region
CELL_0010,root_progenitor,root,0.0223,-0.2192,-0.0236,left_progenitor_region
CELL_0334,transition_state,transition,0.4007,0.7186,-0.0553,left_progenitor_region
CELL_0244,transition_state,transition,0.2357,0.3661,-0.2152,left_progenitor_region
CELL_0678,branch_b_terminal,branch_b,0.5297,2.2317,-0.7452,lower_terminal_region
CELL_0306,transition_state,transition,0.3782,0.4773,0.097,left_progenitor_region
CELL_0591,branch_a_terminal,branch_a,0.8438,3.0322,0.9662,upper_terminal_region
CELL_0118,root_progenitor,root,0.1318,0.2691,-0.2114,left_progenitor_region
CELL_0290,transition_state,transition,0.3298,0.4841,-0.1459,left_progenitor_region
CELL_0316,transition_state,transition,0.355,0.5523,0.489,left_progenitor_region
CELL_0029,root_progenitor,root,0.0329,0.2978,0.0657,left_progenitor_region
CELL_0055,root_progenitor,root,0.0406,0.3778,0.1594,left_progenitor_region
CELL_0417,transition_state,transition,0.5529,0.6987,-0.1257,left_progenitor_region
CELL_0599,branch_a_terminal,branch_a,0.8913,3.0395,1.0575,upper_terminal_region
CELL_0850,branch_b_terminal,branch_b,0.8847,2.8376,-1.0448,lower_terminal_region
CELL_0368,transition_state,transition,0.4555,0.6835,0.2946,left_progenitor_region
CELL_0081,root_progenitor,root,0.064,-0.4006,-0.3129,left_progenitor_region
CELL_0629,branch_a_terminal,branch_a,0.9107,2.9401,1.0728,upper_terminal_region
CELL_0375,transition_state,transition,0.4773,0.5091,-0.3816,left_progenitor_region
CELL_0862,branch_b_terminal,branch_b,0.8947,2.8578,-1.373,lower_terminal_region
CELL_0426,branch_a_terminal,branch_a,0.5,2.2791,0.3505,upper_terminal_region
CELL_0787,branch_b_terminal,branch_b,0.75,2.4684,-1.1177,lower_terminal_region
CELL_0569,branch_a_terminal,branch_a,0.8194,2.69,1.1405,upper_terminal_region
CELL_0697,branch_b_terminal,branch_b,0.5675,2.4815,-0.6657,lower_terminal_region
CELL_0286,transition_state,transition,0.3203,0.8035,0.263,transition_ring_region
CELL_0714,branch_b_terminal,branch_b,0.6147,2.3862,-0.7221,lower_terminal_region
CELL_0539,branch_a_terminal,branch_a,0.7711,2.5324,1.1789,upper_terminal_region
CELL_0357,transition_state,transition,0.4568,0.6556,0.2577,left_progenitor_region
CELL_0768,branch_b_terminal,branch_b,0.7165,2.3797,-1.0195,lower_terminal_region
CELL_0845,branch_b_terminal,branch_b,0.9057,2.826,-0.9269,lower_terminal_region
CELL_0718,branch_b_terminal,branch_b,0.6064,2.8876,-0.7427,lower_terminal_region
CELL_0394,transition_state,transition,0.4947,1.1528,0.0595,central_transition_region
CELL_0500,branch_a_terminal,branch_a,0.6554,2.9193,0.7631,upper_terminal_region
CELL_0365,transition_state,transition,0.4715,0.7404,0.1925,left_progenitor_region
CELL_0730,branch_b_terminal,branch_b,0.6579,2.7615,-1.1865,lower_terminal_region
CELL_0482,branch_a_terminal,branch_a,0.6294,2.4231,1.1705,upper_terminal_region
CELL_0409,transition_state,transition,0.5469,0.9317,0.3104,central_transition_region
CELL_0473,branch_a_terminal,branch_a,0.6169,2.4589,0.9645,upper_terminal_region
CELL_0292,transition_state,transition,0.3349,0.5028,0.068,left_progenitor_region
CELL_0007,root_progenitor,root,0.0016,-0.1823,-0.1635,left_progenitor_region
CELL_0451,branch_a_terminal,branch_a,0.5583,2.0649,0.608,transition_ring_region
CELL_0155,root_progenitor,root,0.1681,-0.0904,-0.2353,left_progenitor_region
CELL_0351,transition_state,transition,0.4116,0.4825,-0.0472,left_progenitor_region
CELL_0429,branch_a_terminal,branch_a,0.5277,2.098,0.4047,transition_ring_region
CELL_0101,root_progenitor,root,0.1117,-0.1486,-0.3701,left_progenitor_region
CELL_0199,root_progenitor,root,0.1793,-0.1535,0.3628,left_progenitor_region
CELL_0613,branch_a_terminal,branch_a,0.8978,2.7625,1.3867,upper_terminal_region
CELL_0528,branch_a_terminal,branch_a,0.7446,2.5214,1.0113,upper_terminal_region
CELL_0815,branch_b_terminal,branch_b,0.819,3.0314,-1.1201,lower_terminal_region
CELL_0380,transition_state,transition,0.4742,0.4736,0.1709,left_progenitor_region
CELL_0300,transition_state,transition,0.3557,0.5948,0.0632,left_progenitor_region
CELL_0416,transition_state,transition,0.5498,0.6812,0.0604,left_progenitor_region
CELL_0878,branch_b_terminal,branch_b,0.9528,3.1499,-1.6194,lower_terminal_region
CELL_0319,transition_state,transition,0.3808,0.5924,0.0889,left_progenitor_region
CELL_0002,root_progenitor,root,0.0131,0.0226,0.0571,left_progenitor_region
CELL_0254,transition_state,transition,0.2474,0.3293,0.0151,left_progenitor_region
CELL_0507,branch_a_terminal,branch_a,0.671,2.4308,0.6835,upper_terminal_region
CELL_0499,branch_a_terminal,branch_a,0.6621,2.6069,1.0188,upper_terminal_region
CELL_0266,transition_state,transition,0.2672,0.4868,-0.2325,left_progenitor_region
CELL_0158,root_progenitor,root,0.1368,-0.1347,0.287,left_progenitor_region
CELL_0521,branch_a_terminal,branch_a,0.725,2.6234,0.6225,upper_terminal_region
CELL_0836,branch_b_terminal,branch_b,0.8732,3.2157,-1.2732,lower_terminal_region
CELL_0567,branch_a_terminal,branch_a,0.8173,2.4276,1.1608,upper_terminal_region
CELL_0332,transition_state,transition,0.4008,0.6211,-0.0817,left_progenitor_region
CELL_0432,branch_a_terminal,branch_a,0.5195,2.058,0.995,transition_ring_region
CELL_0305,transition_state,transition,0.3635,0.759,0.0406,left_progenitor_region
CELL_0436,branch_a_terminal,branch_a,0.5245,2.3501,0.5537,upper_terminal_region
CELL_0526,branch_a_terminal,branch_a,0.7049,2.6789,1.0346,upper_terminal_region
CELL_0408,transition_state,transition,0.52,0.7849,0.1141,left_progenitor_region
CELL_0893,branch_b_terminal,branch_b,1.0,2.8487,-1.548,lower_terminal_region
CELL_0359,transition_state,transition,0.4451,0.6516,0.0008,left_progenitor_region
CELL_0585,branch_a_terminal,branch_a,0.8315,2.9788,1.2588,upper_terminal_region
CELL_0655,branch_a_terminal,branch_a,0.9751,3.098,1.4013,upper_terminal_region
CELL_0659,branch_a_terminal,branch_a,0.9823,3.476,1.5712,upper_terminal_region
CELL_0212,root_progenitor,root,0.1941,-0.0843,-0.0355,left_progenitor_region
CELL_0828,branch_b_terminal,branch_b,0.846,2.4414,-1.1011,lower_terminal_region
CELL_0079,root_progenitor,root,0.0675,0.4011,-0.1144,left_progenitor_region
CELL_0148,root_progenitor,root,0.1511,0.1671,-0.1721,left_progenitor_region
CELL_0259,transition_state,transition,0.2656,0.5676,0.1732,left_progenitor_region
CELL_0594,branch_a_terminal,branch_a,0.8676,2.8317,1.4336,upper_terminal_region
CELL_0842,branch_b_terminal,branch_b,0.9003,3.0726,-1.1515,lower_terminal_region
CELL_0382,transition_state,transition,0.4675,0.6993,-0.2753,left_progenitor_region
CELL_0483,branch_a_terminal,branch_a,0.6084,1.8695,1.2306,transition_ring_region
CELL_0133,root_progenitor,root,0.1181,-0.1949,0.1076,left_progenitor_region
CELL_0468,branch_a_terminal,branch_a,0.5587,2.2934,0.8858,upper_terminal_region
CELL_0548,branch_a_terminal,branch_a,0.7728,3.0422,1.6128,upper_terminal_region
CELL_0506,branch_a_terminal,branch_a,0.6848,2.5336,1.1172,upper_terminal_region
CELL_0653,branch_a_terminal,branch_a,0.9714,3.1847,1.4393,upper_terminal_region
CELL_0638,branch_a_terminal,branch_a,0.9502,3.0838,1.1929,upper_terminal_region
CELL_0752,branch_b_terminal,branch_b,0.6628,2.285,-1.3237,lower_terminal_region
CELL_0281,transition_state,transition,0.3242,0.5276,0.1471,left_progenitor_region
CELL_0687,branch_b_terminal,branch_b,0.5398,2.213,-1.4225,lower_terminal_region
CELL_0705,branch_b_terminal,branch_b,0.5721,2.4238,-0.8022,lower_terminal_region
CELL_0296,transition_state,transition,0.3453,0.4279,-0.331,left_progenitor_region
CELL_0172,root_progenitor,root,0.1503,0.225,0.1849,left_progenitor_region
CELL_0863,branch_b_terminal,branch_b,0.9097,3.2718,-1.0712,lower_terminal_region
CELL_0467,branch_a_terminal,branch_a,0.6168,2.4326,1.0157,upper_terminal_region
CELL_0812,branch_b_terminal,branch_b,0.8123,3.1657,-1.082,lower_terminal_region
CELL_0808,branch_b_terminal,branch_b,0.816,2.7973,-0.9367,lower_terminal_region
CELL_0090,root_progenitor,root,0.0922,-0.0449,0.0492,left_progenitor_region
CELL_0841,branch_b_terminal,branch_b,0.8645,2.8845,-1.2288,lower_terminal_region
CELL_0181,root_progenitor,root,0.1686,-0.0734,-0.268,left_progenitor_region
CELL_0861,branch_b_terminal,branch_b,0.924,3.3403,-1.3437,lower_terminal_region
CELL_0802,branch_b_terminal,branch_b,0.7849,2.9704,-0.9935,lower_terminal_region
CELL_0069,root_progenitor,root,0.0601,-0.2158,-0.0369,left_progenitor_region
CELL_0131,root_progenitor,root,0.099,0.0229,0.1452,left_progenitor_region
CELL_0598,branch_a_terminal,branch_a,0.8537,2.8444,1.4893,upper_terminal_region
CELL_0477,branch_a_terminal,branch_a,0.6249,2.2391,1.0438,upper_terminal_region
CELL_0135,root_progenitor,root,0.1081,0.2713,0.0916,left_progenitor_region
CELL_0164,root_progenitor,root,0.1623,0.1767,0.1657,left_progenitor_region
CELL_0028,root_progenitor,root,0.0318,-0.1908,-0.2781,left_progenitor_region
CELL_0497,branch_a_terminal,branch_a,0.671,2.4288,0.693,upper_terminal_region
CELL_0193,root_progenitor,root,0.1982,0.1907,0.112,left_progenitor_region
CELL_0311,transition_state,transition,0.3556,0.6591,0.0204,left_progenitor_region
CELL_0723,branch_b_terminal,branch_b,0.6203,2.3295,-1.0689,lower_terminal_region
CELL_0640,branch_a_terminal,branch_a,0.967,2.8725,1.4695,upper_terminal_region
CELL_0537,branch_a_terminal,branch_a,0.7474,2.541,1.3041,upper_terminal_region
CELL_0140,root_progenitor,root,0.1341,0.341,0.2238,left_progenitor_region
CELL_0173,root_progenitor,root,0.1396,-0.0399,-0.1632,left_progenitor_region
CELL_0006,root_progenitor,root,0.0074,0.0789,0.3015,left_progenitor_region
CELL_0581,branch_a_terminal,branch_a,0.8337,3.0784,1.3794,upper_terminal_region
CELL_0377,transition_state,transition,0.4798,0.7044,-0.32,left_progenitor_region
CELL_0073,root_progenitor,root,0.0741,-0.1859,-0.2056,left_progenitor_region
CELL_0618,branch_a_terminal,branch_a,0.941,2.76,1.5021,upper_terminal_region
CELL_0331,transition_state,transition,0.4156,0.7013,0.0124,left_progenitor_region
CELL_0886,branch_b_terminal,branch_b,0.966,3.0322,-1.3519,lower_terminal_region
CELL_0145,root_progenitor,root,0.1262,-0.3902,-0.0743,left_progenitor_region
CELL_0234,transition_state,transition,0.2372,-0.0946,-0.3408,left_progenitor_region
CELL_0220,transition_state,transition,0.1746,0.0852,-0.2885,left_progenitor_region
CELL_0584,branch_a_terminal,branch_a,0.8458,2.6856,1.2234,upper_terminal_region
CELL_0803,branch_b_terminal,branch_b,0.8002,3.0647,-1.1285,lower_terminal_region
CELL_0132,root_progenitor,root,0.1301,-0.0142,-0.0426,left_progenitor_region
CELL_0742,branch_b_terminal,branch_b,0.6756,2.6232,-1.1363,lower_terminal_region
CELL_0327,transition_state,transition,0.3798,0.4055,0.0454,left_progenitor_region
CELL_0185,root_progenitor,root,0.192,-0.3056,0.0623,left_progenitor_region
CELL_0041,root_progenitor,root,0.0456,0.216,-0.0821,left_progenitor_region
CELL_0551,branch_a_terminal,branch_a,0.7962,2.6257,0.9829,upper_terminal_region
CELL_0108,root_progenitor,root,0.1112,-0.1335,-0.2674,left_progenitor_region
CELL_0425,branch_a_terminal,branch_a,0.5087,2.1328,0.8727,transition_ring_region
CELL_0056,root_progenitor,root,0.047,-0.1747,-0.2534,left_progenitor_region
CELL_0602,branch_a_terminal,branch_a,0.8599,2.9497,1.3213,upper_terminal_region
CELL_0350,transition_state,transition,0.4175,0.7072,0.0006,left_progenitor_region
CELL_0501,branch_a_terminal,branch_a,0.6759,2.4664,1.3735,upper_terminal_region
CELL_0024,root_progenitor,root,0.0155,0.0133,0.0,left_progenitor_region
CELL_0665,branch_b_terminal,branch_b,0.5061,2.2105,-0.9747,lower_terminal_region
CELL_0433,branch_a_terminal,branch_a,0.5328,2.4118,0.7651,upper_terminal_region
CELL_0439,branch_a_terminal,branch_a,0.5365,1.9942,1.108,transition_ring_region
CELL_0051,root_progenitor,root,0.056,0.2928,0.1877,left_progenitor_region
CELL_0411,transition_state,transition,0.5286,1.0959,-0.1062,central_transition_region
CELL_0823,branch_b_terminal,branch_b,0.8469,2.8008,-0.8662,lower_terminal_region
CELL_0720,branch_b_terminal,branch_b,0.6394,2.7025,-0.9971,lower_terminal_region
CELL_0264,transition_state,transition,0.2931,0.5086,-0.7297,left_progenitor_region
CELL_0692,branch_b_terminal,branch_b,0.5768,2.3607,-0.7926,lower_terminal_region
CELL_0617,branch_a_terminal,branch_a,0.9135,2.9564,1.2539,upper_terminal_region
CELL_0703,branch_b_terminal,branch_b,0.5889,2.6827,-0.8807,lower_terminal_region
CELL_0355,transition_state,transition,0.4356,0.4924,-0.0526,left_progenitor_region
CELL_0018,root_progenitor,root,0.0296,0.1087,-0.094,left_progenitor_region
CELL_0844,branch_b_terminal,branch_b,0.894,3.0287,-1.2162,lower_terminal_region
CELL_0342,transition_state,transition,0.4415,0.4648,0.1401,left_progenitor_region
CELL_0083,root_progenitor,root,0.0701,0.1099,0.131,left_progenitor_region
CELL_0061,root_progenitor,root,0.0507,0.018,0.1035,left_progenitor_region
CELL_0272,transition_state,transition,0.2759,0.4075,-0.2729,left_progenitor_region
CELL_0285,transition_state,transition,0.3362,0.6611,0.2959,left_progenitor_region
CELL_0362,transition_state,transition,0.4549,0.685,0.138,left_progenitor_region
CELL_0889,branch_b_terminal,branch_b,0.9726,2.785,-1.3681,lower_terminal_region
CELL_0012,root_progenitor,root,0.0119,0.5323,-0.3219,left_progenitor_region
CELL_0182,root_progenitor,root,0.16,0.1786,0.4993,left_progenitor_region
CELL_0388,transition_state,transition,0.5137,0.5495,-0.1853,left_progenitor_region
CELL_0721,branch_b_terminal,branch_b,0.6375,1.9916,-0.994,transition_ring_region
CELL_0223,transition_state,transition,0.2001,0.0586,-0.0814,left_progenitor_region
CELL_0558,branch_a_terminal,branch_a,0.7973,2.4848,1.2381,upper_terminal_region
CELL_0633,branch_a_terminal,branch_a,0.9117,2.8891,1.1641,upper_terminal_region
CELL_0644,branch_a_terminal,branch_a,0.9803,2.9824,1.8706,upper_terminal_region
CELL_0530,branch_a_terminal,branch_a,0.7074,2.7658,0.7816,upper_terminal_region
CELL_0527,branch_a_terminal,branch_a,0.7438,2.4338,1.141,upper_terminal_region
CELL_0636,branch_a_terminal,branch_a,0.9833,2.9907,1.7337,upper_terminal_region
CELL_0176,root_progenitor,root,0.1844,0.0655,-0.2249,left_progenitor_region
CELL_0604,branch_a_terminal,branch_a,0.8828,2.868,1.3713,upper_terminal_region
CELL_0446,branch_a_terminal,branch_a,0.5345,2.0595,0.7287,transition_ring_region
CELL_0420,branch_a_terminal,branch_a,0.515,2.0197,0.6476,transition_ring_region
CELL_0163,root_progenitor,root,0.1365,0.0508,-0.2521,left_progenitor_region
CELL_0248,transition_state,transition,0.2424,0.6221,0.1059,left_progenitor_region
CELL_0740,branch_b_terminal,branch_b,0.6457,2.3657,-0.8104,lower_terminal_region
CELL_0793,branch_b_terminal,branch_b,0.7812,2.7401,-1.0022,lower_terminal_region
CELL_0074,root_progenitor,root,0.0697,0.0506,0.2111,left_progenitor_region
CELL_0113,root_progenitor,root,0.0815,0.2668,-0.0829,left_progenitor_region
CELL_0514,branch_a_terminal,branch_a,0.7253,2.5675,1.2626,upper_terminal_region
CELL_0495,branch_a_terminal,branch_a,0.6848,2.4052,1.2818,upper_terminal_region
CELL_0104,root_progenitor,root,0.081,-0.3455,0.0982,left_progenitor_region
CELL_0114,root_progenitor,root,0.1052,0.2786,0.0958,left_progenitor_region
CELL_0450,branch_a_terminal,branch_a,0.5653,2.1653,0.8759,transition_ring_region
CELL_0092,root_progenitor,root,0.0777,0.1303,-0.0665,left_progenitor_region
CELL_0797,branch_b_terminal,branch_b,0.7882,2.9522,-0.7402,lower_terminal_region
CELL_0089,root_progenitor,root,0.088,0.1325,-0.1762,left_progenitor_region
CELL_0336,transition_state,transition,0.3876,0.7245,0.0361,left_progenitor_region
CELL_0888,branch_b_terminal,branch_b,0.9862,3.4827,-1.3775,lower_terminal_region
CELL_0824,branch_b_terminal,branch_b,0.8323,2.4841,-1.1485,lower_terminal_region
CELL_0835,branch_b_terminal,branch_b,0.8751,3.3799,-1.1847,lower_terminal_region
CELL_0547,branch_a_terminal,branch_a,0.7494,2.8685,1.2498,upper_terminal_region
CELL_0552,branch_a_terminal,branch_a,0.768,2.4792,1.1232,upper_terminal_region
CELL_0094,root_progenitor,root,0.0605,-0.4983,-0.3241,left_progenitor_region
CELL_0011,root_progenitor,root,0.0217,-0.4394,-0.3668,left_progenitor_region
CELL_0898,branch_b_terminal,branch_b,0.9882,3.273,-1.4531,lower_terminal_region
CELL_0043,root_progenitor,root,0.0428,-0.0836,0.325,left_progenitor_region
CELL_0042,root_progenitor,root,0.0284,-0.0153,-0.2632,left_progenitor_region
CELL_0329,transition_state,transition,0.4169,0.5198,0.2871,left_progenitor_region
CELL_0167,root_progenitor,root,0.1583,-0.0218,-0.0768,left_progenitor_region
CELL_0785,branch_b_terminal,branch_b,0.7538,2.5662,-1.2174,lower_terminal_region
CELL_0541,branch_a_terminal,branch_a,0.7101,2.6636,0.8028,upper_terminal_region
CELL_0722,branch_b_terminal,branch_b,0.6585,2.6109,-1.1816,lower_terminal_region
CELL_0848,branch_b_terminal,branch_b,0.8822,3.1885,-1.266,lower_terminal_region
CELL_0178,root_progenitor,root,0.1608,0.334,0.312,left_progenitor_region
CELL_0587,branch_a_terminal,branch_a,0.8632,3.0147,1.3124,upper_terminal_region
CELL_0790,branch_b_terminal,branch_b,0.7778,3.0745,-1.343,lower_terminal_region
CELL_0597,branch_a_terminal,branch_a,0.826,2.9121,1.1006,upper_terminal_region
CELL_0177,root_progenitor,root,0.164,0.0475,-0.3637,left_progenitor_region
CELL_0695,branch_b_terminal,branch_b,0.5756,2.3557,-0.6351,lower_terminal_region
CELL_0715,branch_b_terminal,branch_b,0.6261,2.197,-1.2497,central_transition_region
CELL_0717,branch_b_terminal,branch_b,0.6342,2.2969,-0.9344,lower_terminal_region
CELL_0383,transition_state,transition,0.4549,0.6255,0.0731,left_progenitor_region
CELL_0257,transition_state,transition,0.2506,0.4317,0.1179,left_progenitor_region
CELL_0442,branch_a_terminal,branch_a,0.5158,2.4076,0.7264,upper_terminal_region
CELL_0335,transition_state,transition,0.4053,0.5007,0.0017,left_progenitor_region
CELL_0716,branch_b_terminal,branch_b,0.6102,2.3946,-0.922,lower_terminal_region
CELL_0015,root_progenitor,root,0.0008,-0.0921,0.0854,left_progenitor_region
CELL_0003,root_progenitor,root,0.0168,0.6294,0.4692,left_progenitor_region
CELL_0662,branch_b_terminal,branch_b,0.5046,1.8903,-0.7101,transition_ring_region
CELL_0256,transition_state,transition,0.2285,0.5525,0.3295,left_progenitor_region
CELL_0456,branch_a_terminal,branch_a,0.5517,2.282,0.8249,upper_terminal_region
CELL_0478,branch_a_terminal,branch_a,0.5991,2.9008,0.5432,upper_terminal_region
CELL_0773,branch_b_terminal,branch_b,0.7487,2.5719,-1.2146,lower_terminal_region
CELL_0393,transition_state,transition,0.4986,0.6196,-0.1759,left_progenitor_region
CELL_0222,transition_state,transition,0.19,0.1601,0.1662,left_progenitor_region
CELL_0529,branch_a_terminal,branch_a,0.7424,2.7546,0.846,upper_terminal_region
CELL_0457,branch_a_terminal,branch_a,0.5675,1.9577,0.5987,transition_ring_region
CELL_0424,branch_a_terminal,branch_a,0.5076,2.5163,0.7879,upper_terminal_region
CELL_0324,transition_state,transition,0.388,0.8422,-0.0155,central_transition_region
CELL_0534,branch_a_terminal,branch_a,0.7381,2.6385,1.1147,upper_terminal_region
CELL_0009,root_progenitor,root,0.0,-0.2656,-0.1324,left_progenitor_region
CELL_0249,transition_state,transition,0.2446,0.6124,-0.3762,left_progenitor_region
CELL_0022,root_progenitor,root,0.0384,0.1179,0.2532,left_progenitor_region
CELL_0356,transition_state,transition,0.4541,0.5577,0.2763,left_progenitor_region
CELL_0221,transition_state,transition,0.2015,0.2917,0.0168,left_progenitor_region
CELL_0605,branch_a_terminal,branch_a,0.8914,3.1354,1.2247,upper_terminal_region
CELL_0772,branch_b_terminal,branch_b,0.7363,2.7837,-0.5837,lower_terminal_region
CELL_0883,branch_b_terminal,branch_b,0.9756,3.0664,-1.5177,lower_terminal_region
CELL_0532,branch_a_terminal,branch_a,0.7404,2.8543,1.1301,upper_terminal_region
CELL_0340,transition_state,transition,0.4103,0.8188,0.1228,central_transition_region
CELL_0749,branch_b_terminal,branch_b,0.6833,2.3743,-0.9071,lower_terminal_region
CELL_0523,branch_a_terminal,branch_a,0.7284,2.5118,1.1446,upper_terminal_region
CELL_0203,root_progenitor,root,0.195,-0.1029,0.3407,left_progenitor_region
CELL_0237,transition_state,transition,0.2362,0.2982,0.2099,left_progenitor_region
CELL_0093,root_progenitor,root,0.0837,-0.0294,0.2074,left_progenitor_region
CELL_0538,branch_a_terminal,branch_a,0.7512,2.379,1.0889,upper_terminal_region
CELL_0445,branch_a_terminal,branch_a,0.5561,1.9099,0.6892,transition_ring_region
CELL_0682,branch_b_terminal,branch_b,0.5525,2.3111,-0.6709,lower_terminal_region
CELL_0284,transition_state,transition,0.2987,0.3936,-0.0966,left_progenitor_region
CELL_0184,root_progenitor,root,0.1745,0.0589,0.4028,left_progenitor_region
CELL_0799,branch_b_terminal,branch_b,0.8024,2.6556,-0.9572,lower_terminal_region
CELL_0434,branch_a_terminal,branch_a,0.5199,1.7169,0.9034,transition_ring_region
CELL_0735,branch_b_terminal,branch_b,0.6657,2.2443,-1.0462,lower_terminal_region
CELL_0153,root_progenitor,root,0.1324,0.3638,0.0329,left_progenitor_region
CELL_0075,root_progenitor,root,0.0789,0.0029,0.3322,left_progenitor_region
CELL_0879,branch_b_terminal,branch_b,0.946,3.0451,-1.329,lower_terminal_region
CELL_0554,branch_a_terminal,branch_a,0.7523,2.4714,1.6903,upper_terminal_region
CELL_0277,transition_state,transition,0.3105,0.2859,-0.2083,left_progenitor_region
CELL_0068,root_progenitor,root,0.075,0.0586,0.0676,left_progenitor_region
CELL_0568,branch_a_terminal,branch_a,0.8095,2.7154,1.1846,upper_terminal_region
CELL_0188,root_progenitor,root,0.1512,-0.1301,0.2032,left_progenitor_region
CELL_0271,transition_state,transition,0.3002,0.2699,-0.0219,left_progenitor_region
CELL_0667,branch_b_terminal,branch_b,0.5031,1.9222,-0.9635,transition_ring_region
CELL_0559,branch_a_terminal,branch_a,0.7696,2.4689,1.4469,upper_terminal_region
CELL_0236,transition_state,transition,0.2639,0.3223,0.0077,left_progenitor_region
CELL_0088,root_progenitor,root,0.0876,0.19,0.0573,left_progenitor_region
CELL_0792,branch_b_terminal,branch_b,0.7898,2.7175,-1.2076,lower_terminal_region
CELL_0117,root_progenitor,root,0.1072,0.0173,0.04,left_progenitor_region
CELL_0125,root_progenitor,root,0.1195,0.0869,-0.1018,left_progenitor_region
CELL_0737,branch_b_terminal,branch_b,0.6339,2.3237,-1.4388,lower_terminal_region
CELL_0289,transition_state,transition,0.3046,0.4804,0.1648,left_progenitor_region
CELL_0238,transition_state,transition,0.2375,0.2345,-0.1725,left_progenitor_region
CELL_0000,root_progenitor,root,0.0046,-0.056,0.0606,left_progenitor_region
CELL_0890,branch_b_terminal,branch_b,0.993,3.4312,-1.5339,lower_terminal_region
CELL_0601,branch_a_terminal,branch_a,0.8841,3.2275,1.5309,upper_terminal_region
CELL_0855,branch_b_terminal,branch_b,0.9087,2.6656,-1.1983,lower_terminal_region
CELL_0395,transition_state,transition,0.4944,0.9012,-0.0978,central_transition_region
CELL_0535,branch_a_terminal,branch_a,0.7461,2.6231,1.1129,upper_terminal_region
CELL_0126,root_progenitor,root,0.137,-0.0711,0.0463,left_progenitor_region
CELL_0278,transition_state,transition,0.2967,0.644,-0.0825,left_progenitor_region
CELL_0696,branch_b_terminal,branch_b,0.5749,2.5053,-0.9477,lower_terminal_region
CELL_0116,root_progenitor,root,0.1094,0.4878,0.5192,left_progenitor_region
CELL_0228,transition_state,transition,0.2062,0.3071,-0.0442,left_progenitor_region
CELL_0813,branch_b_terminal,branch_b,0.8249,2.8009,-1.3117,lower_terminal_region
CELL_0660,branch_b_terminal,branch_b,0.5026,2.1242,-0.9075,transition_ring_region
CELL_0057,root_progenitor,root,0.0745,0.0082,-0.3041,left_progenitor_region
CELL_0784,branch_b_terminal,branch_b,0.7552,2.7939,-1.1296,lower_terminal_region
CELL_0274,transition_state,transition,0.2918,0.6041,0.0069,left_progenitor_region
CELL_0318,transition_state,transition,0.382,0.5999,0.0822,left_progenitor_region
CELL_0630,branch_a_terminal,branch_a,0.941,2.8514,1.6168,upper_terminal_region
CELL_0144,root_progenitor,root,0.1193,-0.1399,0.1163,left_progenitor_region
CELL_0713,branch_b_terminal,branch_b,0.6049,1.8869,-0.6134,transition_ring_region
CELL_0595,branch_a_terminal,branch_a,0.8649,2.7744,1.3435,upper_terminal_region
CELL_0816,branch_b_terminal,branch_b,0.8301,2.8751,-1.216,lower_terminal_region
CELL_0781,branch_b_terminal,branch_b,0.7274,2.5694,-1.3289,lower_terminal_region
CELL_0369,transition_state,transition,0.4653,0.2568,-0.2835,left_progenitor_region
CELL_0268,transition_state,transition,0.2811,0.3345,0.4486,left_progenitor_region
CELL_0628,branch_a_terminal,branch_a,0.9137,2.887,1.5757,upper_terminal_region
CELL_0307,transition_state,transition,0.3608,0.4461,-0.0003,left_progenitor_region
CELL_0423,branch_a_terminal,branch_a,0.4996,1.6776,0.7407,transition_ring_region
CELL_0310,transition_state,transition,0.3585,0.3658,0.1948,left_progenitor_region
CELL_0354,transition_state,transition,0.4089,0.5694,-0.4195,left_progenitor_region
CELL_0046,root_progenitor,root,0.0551,0.436,0.1097,left_progenitor_region
CELL_0349,transition_state,transition,0.4246,0.7003,-0.1977,left_progenitor_region
CELL_0371,transition_state,transition,0.4569,0.6395,-0.3015,left_progenitor_region
CELL_0479,branch_a_terminal,branch_a,0.6413,2.4756,0.8099,upper_terminal_region
CELL_0580,branch_a_terminal,branch_a,0.8315,2.4077,1.4011,upper_terminal_region
CELL_0261,transition_state,transition,0.2684,0.491,0.2401,left_progenitor_region
CELL_0195,root_progenitor,root,0.1647,-0.2586,0.0588,left_progenitor_region
CELL_0899,branch_b_terminal,branch_b,0.9777,3.2296,-1.639,lower_terminal_region
CELL_0750,branch_b_terminal,branch_b,0.6832,2.4137,-0.8287,lower_terminal_region
CELL_0107,root_progenitor,root,0.0926,0.2321,-0.1513,left_progenitor_region
CELL_0875,branch_b_terminal,branch_b,0.9219,2.8168,-1.7625,lower_terminal_region
CELL_0059,root_progenitor,root,0.0684,0.2888,0.1522,left_progenitor_region
CELL_0691,branch_b_terminal,branch_b,0.5915,2.5223,-0.8319,lower_terminal_region
CELL_0263,transition_state,transition,0.2748,0.4726,-0.5861,left_progenitor_region
CELL_0572,branch_a_terminal,branch_a,0.7945,2.7663,0.8075,upper_terminal_region
CELL_0100,root_progenitor,root,0.0857,0.023,-0.2093,left_progenitor_region
CELL_0443,branch_a_terminal,branch_a,0.5601,1.876,0.6794,transition_ring_region
CELL_0490,branch_a_terminal,branch_a,0.6183,2.066,1.028,transition_ring_region
CELL_0611,branch_a_terminal,branch_a,0.9072,2.9045,1.3811,upper_terminal_region
CELL_0806,branch_b_terminal,branch_b,0.8385,2.888,-1.0968,lower_terminal_region
CELL_0798,branch_b_terminal,branch_b,0.7919,2.7178,-1.6264,lower_terminal_region
CELL_0169,root_progenitor,root,0.1537,-0.3111,-0.2222,left_progenitor_region
CELL_0179,root_progenitor,root,0.1678,-0.0631,0.0909,left_progenitor_region
CELL_0304,transition_state,transition,0.3492,0.523,0.2091,left_progenitor_region
CELL_0341,transition_state,transition,0.4116,0.7251,0.1039,left_progenitor_region
CELL_0867,branch_b_terminal,branch_b,0.926,3.2653,-1.1476,lower_terminal_region
CELL_0149,root_progenitor,root,0.1384,0.2245,0.4072,left_progenitor_region
CELL_0124,root_progenitor,root,0.1258,0.2765,-0.2405,left_progenitor_region
CELL_0708,branch_b_terminal,branch_b,0.6035,2.27,-0.8243,lower_terminal_region
CELL_0050,root_progenitor,root,0.05,0.1956,-0.0477,left_progenitor_region
CELL_0353,transition_state,transition,0.4398,0.9785,-0.0197,central_transition_region
CELL_0830,branch_b_terminal,branch_b,0.8547,2.9521,-1.2728,lower_terminal_region
CELL_0142,root_progenitor,root,0.0977,-0.7411,-0.1359,left_progenitor_region
CELL_0470,branch_a_terminal,branch_a,0.5869,2.2802,1.1069,upper_terminal_region
CELL_0399,transition_state,transition,0.5098,0.5495,0.265,left_progenitor_region
CELL_0851,branch_b_terminal,branch_b,0.8834,2.926,-1.2842,lower_terminal_region
CELL_0320,transition_state,transition,0.3946,0.5643,0.2908,left_progenitor_region
CELL_0019,root_progenitor,root,0.0166,-0.0335,-0.3437,left_progenitor_region
CELL_0811,branch_b_terminal,branch_b,0.851,2.8294,-1.6365,lower_terminal_region
CELL_0712,branch_b_terminal,branch_b,0.6187,1.8844,-0.8247,transition_ring_region
CELL_0728,branch_b_terminal,branch_b,0.6438,2.4464,-0.9009,lower_terminal_region
CELL_0407,transition_state,transition,0.5417,0.8714,-0.1585,central_transition_region
CELL_0821,branch_b_terminal,branch_b,0.8318,2.7659,-1.0903,lower_terminal_region
CELL_0038,root_progenitor,root,0.0223,0.074,-0.093,left_progenitor_region
CELL_0175,root_progenitor,root,0.1624,-0.362,-0.017,left_progenitor_region
CELL_0245,transition_state,transition,0.2368,0.2199,0.0794,left_progenitor_region
CELL_0746,branch_b_terminal,branch_b,0.6944,2.1957,-0.9798,transition_ring_region
CELL_0606,branch_a_terminal,branch_a,0.924,2.9096,1.1471,upper_terminal_region
CELL_0679,branch_b_terminal,branch_b,0.573,2.4774,-0.7493,lower_terminal_region
CELL_0770,branch_b_terminal,branch_b,0.7331,2.6267,-0.9853,lower_terminal_region
CELL_0154,root_progenitor,root,0.1398,0.0646,0.3912,left_progenitor_region
CELL_0287,transition_state,transition,0.3293,0.4743,0.0705,left_progenitor_region
CELL_0544,branch_a_terminal,branch_a,0.7331,2.5145,1.2783,upper_terminal_region
CELL_0017,root_progenitor,root,0.0011,-0.0613,0.1943,left_progenitor_region
CELL_0127,root_progenitor,root,0.0982,0.1548,-0.0848,left_progenitor_region
CELL_0322,transition_state,transition,0.3905,0.4698,-0.0121,left_progenitor_region
CELL_0255,transition_state,transition,0.2498,0.3758,0.0897,left_progenitor_region
CELL_0596,branch_a_terminal,branch_a,0.8616,2.8357,1.4268,upper_terminal_region
CELL_0865,branch_b_terminal,branch_b,0.9291,3.0621,-1.5909,lower_terminal_region
CELL_0190,root_progenitor,root,0.1994,0.1289,-0.1444,left_progenitor_region
CELL_0115,root_progenitor,root,0.0971,-0.0328,0.0872,left_progenitor_region
CELL_0557,branch_a_terminal,branch_a,0.7839,2.9484,1.2352,upper_terminal_region
CELL_0180,root_progenitor,root,0.184,-0.6025,-0.2891,left_progenitor_region
CELL_0301,transition_state,transition,0.3603,0.6142,0.1232,left_progenitor_region
CELL_0684,branch_b_terminal,branch_b,0.5291,1.7948,-0.8848,transition_ring_region
CELL_0643,branch_a_terminal,branch_a,0.9715,2.9868,1.2754,upper_terminal_region
CELL_0732,branch_b_terminal,branch_b,0.668,2.976,-0.706,lower_terminal_region
CELL_0620,branch_a_terminal,branch_a,0.9329,2.9414,1.6135,upper_terminal_region
CELL_0838,branch_b_terminal,branch_b,0.8825,2.7784,-1.5166,lower_terminal_region
CELL_0517,branch_a_terminal,branch_a,0.6953,2.2799,1.125,upper_terminal_region
CELL_0884,branch_b_terminal,branch_b,0.9848,3.1627,-1.6084,lower_terminal_region
CELL_0045,root_progenitor,root,0.0444,0.2944,0.1098,left_progenitor_region
CELL_0814,branch_b_terminal,branch_b,0.8102,2.9989,-1.3237,lower_terminal_region
CELL_0157,root_progenitor,root,0.1581,-0.3914,0.1594,left_progenitor_region
CELL_0670,branch_b_terminal,branch_b,0.5268,2.4048,-0.9514,lower_terminal_region
CELL_0171,root_progenitor,root,0.1629,0.0128,-0.1914,left_progenitor_region
CELL_0016,root_progenitor,root,0.0201,0.4322,-0.2467,left_progenitor_region
CELL_0511,branch_a_terminal,branch_a,0.6988,2.4298,1.2939,upper_terminal_region
CELL_0048,root_progenitor,root,0.054,0.0166,-0.1744,left_progenitor_region
CELL_0882,branch_b_terminal,branch_b,0.9658,3.0402,-1.4249,lower_terminal_region
CELL_0755,branch_b_terminal,branch_b,0.6795,2.3146,-0.704,lower_terminal_region
CELL_0515,branch_a_terminal,branch_a,0.7057,2.4457,0.7441,upper_terminal_region
CELL_0621,branch_a_terminal,branch_a,0.9096,3.1218,1.3384,upper_terminal_region
CELL_0480,branch_a_terminal,branch_a,0.6141,2.4665,0.9305,upper_terminal_region
CELL_0283,transition_state,transition,0.2884,0.1798,0.0662,left_progenitor_region
CELL_0593,branch_a_terminal,branch_a,0.8374,2.8488,1.0324,upper_terminal_region
CELL_0225,transition_state,transition,0.1832,0.325,-0.2016,left_progenitor_region
CELL_0026,root_progenitor,root,0.0317,-0.0243,0.5233,left_progenitor_region
CELL_0704,branch_b_terminal,branch_b,0.572,2.5167,-0.8058,lower_terminal_region
CELL_0437,branch_a_terminal,branch_a,0.5599,2.6335,0.6479,upper_terminal_region
CELL_0852,branch_b_terminal,branch_b,0.8972,3.2096,-1.5253,lower_terminal_region
CELL_0364,transition_state,transition,0.4726,0.8923,0.206,central_transition_region
CELL_0229,transition_state,transition,0.1774,0.2474,-0.0056,left_progenitor_region
CELL_0037,root_progenitor,root,0.0212,-0.0592,0.0441,left_progenitor_region
CELL_0866,branch_b_terminal,branch_b,0.9291,3.033,-1.3926,lower_terminal_region
CELL_0374,transition_state,transition,0.4614,0.618,-0.0727,left_progenitor_region
CELL_0469,branch_a_terminal,branch_a,0.5973,2.6296,0.6824,upper_terminal_region
CELL_0868,branch_b_terminal,branch_b,0.9653,3.0578,-1.4908,lower_terminal_region
CELL_0764,branch_b_terminal,branch_b,0.7329,2.609,-0.735,lower_terminal_region
CELL_0656,branch_a_terminal,branch_a,0.9986,3.2178,1.8372,upper_terminal_region
CELL_0194,root_progenitor,root,0.1606,-0.4214,0.1345,left_progenitor_region
CELL_0766,branch_b_terminal,branch_b,0.7203,2.3811,-1.06,lower_terminal_region
CELL_0825,branch_b_terminal,branch_b,0.8348,2.5007,-1.2738,lower_terminal_region
CELL_0503,branch_a_terminal,branch_a,0.6657,2.5094,0.999,upper_terminal_region
CELL_0870,branch_b_terminal,branch_b,0.9502,3.2082,-1.4429,lower_terminal_region
CELL_0864,branch_b_terminal,branch_b,0.9007,2.8181,-1.3595,lower_terminal_region
CELL_0579,branch_a_terminal,branch_a,0.8331,2.9295,1.1974,upper_terminal_region
CELL_0869,branch_b_terminal,branch_b,0.9455,3.2129,-1.5352,lower_terminal_region
CELL_0162,root_progenitor,root,0.1799,-0.0633,-0.0398,left_progenitor_region
CELL_0635,branch_a_terminal,branch_a,0.9473,2.7403,1.3403,upper_terminal_region
CELL_0152,root_progenitor,root,0.1137,0.351,-0.1106,left_progenitor_region
CELL_0616,branch_a_terminal,branch_a,0.9445,2.8506,0.9856,upper_terminal_region
CELL_0634,branch_a_terminal,branch_a,0.9448,3.2519,1.5637,upper_terminal_region
CELL_0680,branch_b_terminal,branch_b,0.5351,1.7017,-0.9595,transition_ring_region
CELL_0111,root_progenitor,root,0.1049,0.0905,0.3302,left_progenitor_region
CELL_0226,transition_state,transition,0.1863,0.4098,0.0126,left_progenitor_region
CELL_0622,branch_a_terminal,branch_a,0.9098,3.1254,1.1325,upper_terminal_region
CELL_0103,root_progenitor,root,0.1051,0.2009,0.4302,left_progenitor_region
CELL_0421,branch_a_terminal,branch_a,0.5036,2.3728,0.8214,upper_terminal_region
CELL_0419,transition_state,transition,0.56,1.1531,-0.0964,central_transition_region
CELL_0586,branch_a_terminal,branch_a,0.8596,2.6678,1.3724,upper_terminal_region
CELL_0119,root_progenitor,root,0.1051,0.0833,-0.0065,left_progenitor_region
CELL_0053,root_progenitor,root,0.0436,-0.393,-0.0167,left_progenitor_region
CELL_0151,root_progenitor,root,0.1224,0.3339,-0.0478,left_progenitor_region
CELL_0403,transition_state,transition,0.5205,0.9119,-0.1153,central_transition_region
CELL_0847,branch_b_terminal,branch_b,0.8656,2.5826,-1.4629,lower_terminal_region
CELL_0207,root_progenitor,root,0.1708,-0.0776,-0.0716,left_progenitor_region
CELL_0758,branch_b_terminal,branch_b,0.6727,2.3309,-1.1354,lower_terminal_region
CELL_0853,branch_b_terminal,branch_b,0.8855,2.7496,-1.3676,lower_terminal_region
CELL_0008,root_progenitor,root,0.0071,-0.5368,-0.0407,left_progenitor_region
CELL_0759,branch_b_terminal,branch_b,0.6934,2.6487,-1.5055,lower_terminal_region
CELL_0036,root_progenitor,root,0.0312,0.3679,-0.6417,left_progenitor_region
CELL_0452,branch_a_terminal,branch_a,0.561,2.0462,0.7146,transition_ring_region
CELL_0253,transition_state,transition,0.2243,0.3058,0.0828,left_progenitor_region
CELL_0303,transition_state,transition,0.3181,0.0847,0.0072,left_progenitor_region
CELL_0672,branch_b_terminal,branch_b,0.5286,2.2613,-0.917,lower_terminal_region
CELL_0571,branch_a_terminal,branch_a,0.8493,2.8077,1.1921,upper_terminal_region
CELL_0623,branch_a_terminal,branch_a,0.9316,3.056,1.4268,upper_terminal_region
CELL_0689,branch_b_terminal,branch_b,0.5701,2.1448,-1.2519,central_transition_region
CELL_0650,branch_a_terminal,branch_a,0.9719,3.1711,1.3298,upper_terminal_region
CELL_0262,transition_state,transition,0.2584,0.4397,-0.0711,left_progenitor_region
CELL_0610,branch_a_terminal,branch_a,0.8926,3.1087,1.6233,upper_terminal_region
CELL_0297,transition_state,transition,0.3475,0.3332,-0.2042,left_progenitor_region
CELL_0414,transition_state,transition,0.5454,0.7872,-0.3119,left_progenitor_region
CELL_0150,root_progenitor,root,0.1346,-0.2425,-0.2219,left_progenitor_region
CELL_0710,branch_b_terminal,branch_b,0.6242,2.4572,-0.6848,lower_terminal_region
CELL_0796,branch_b_terminal,branch_b,0.7855,2.8812,-1.3306,lower_terminal_region
CELL_0550,branch_a_terminal,branch_a,0.7619,2.4409,0.9873,upper_terminal_region
CELL_0488,branch_a_terminal,branch_a,0.6404,2.0558,1.1554,transition_ring_region
CELL_0147,root_progenitor,root,0.1321,0.1977,0.0862,left_progenitor_region
CELL_0146,root_progenitor,root,0.1242,0.0249,-0.0215,left_progenitor_region
CELL_0651,branch_a_terminal,branch_a,0.9829,3.1083,1.4272,upper_terminal_region
CELL_0833,branch_b_terminal,branch_b,0.8458,2.901,-1.1808,lower_terminal_region
CELL_0666,branch_b_terminal,branch_b,0.5155,1.8768,-0.4567,central_transition_region
CELL_0348,transition_state,transition,0.4089,0.8174,-0.0723,central_transition_region
CELL_0463,branch_a_terminal,branch_a,0.6013,1.8539,1.0905,transition_ring_region
CELL_0325,transition_state,transition,0.3579,0.5014,-0.2229,left_progenitor_region
CELL_0186,root_progenitor,root,0.1726,0.4553,-0.4129,left_progenitor_region
CELL_0123,root_progenitor,root,0.1327,-0.0733,0.4843,left_progenitor_region
CELL_0765,branch_b_terminal,branch_b,0.7313,2.3045,-0.8915,lower_terminal_region
CELL_0608,branch_a_terminal,branch_a,0.8887,3.1011,1.6948,upper_terminal_region
CELL_0143,root_progenitor,root,0.1346,0.6051,0.1087,left_progenitor_region
CELL_0859,branch_b_terminal,branch_b,0.9107,2.8493,-1.0346,lower_terminal_region
CELL_0197,root_progenitor,root,0.174,-0.2016,-0.3207,left_progenitor_region
CELL_0609,branch_a_terminal,branch_a,0.8865,3.2354,1.0045,upper_terminal_region
CELL_0279,transition_state,transition,0.2884,0.1776,0.0888,left_progenitor_region
CELL_0293,transition_state,transition,0.3256,0.609,-0.075,left_progenitor_region
CELL_0400,transition_state,transition,0.5452,0.8097,0.2581,transition_ring_region
CELL_0122,root_progenitor,root,0.1147,-0.2793,-0.1147,left_progenitor_region
CELL_0183,root_progenitor,root,0.1837,-0.2942,-0.2094,left_progenitor_region
CELL_0202,root_progenitor,root,0.1858,0.1178,-0.1334,left_progenitor_region
CELL_0438,branch_a_terminal,branch_a,0.5431,2.3447,0.4772,upper_terminal_region
CELL_0246,transition_state,transition,0.2576,0.4864,-0.1244,left_progenitor_region
CELL_0415,transition_state,transition,0.5432,0.9889,0.3034,central_transition_region
CELL_0795,branch_b_terminal,branch_b,0.7785,2.8758,-1.3082,lower_terminal_region
CELL_0129,root_progenitor,root,0.1039,0.0016,0.6494,left_progenitor_region
CELL_0637,branch_a_terminal,branch_a,0.9321,2.7806,1.719,upper_terminal_region
CELL_0402,transition_state,transition,0.5464,0.6574,0.1048,left_progenitor_region
CELL_0706,branch_b_terminal,branch_b,0.6047,2.6041,-0.8959,lower_terminal_region
CELL_0694,branch_b_terminal,branch_b,0.595,2.5032,-1.2085,lower_terminal_region
CELL_0817,branch_b_terminal,branch_b,0.8411,2.8155,-1.0526,lower_terminal_region
CELL_0219,root_progenitor,root,0.1896,0.3031,-0.0809,left_progenitor_region
CELL_0641,branch_a_terminal,branch_a,0.9708,2.8902,1.0201,upper_terminal_region
CELL_0819,branch_b_terminal,branch_b,0.8515,2.9962,-1.151,lower_terminal_region
CELL_0677,branch_b_terminal,branch_b,0.5342,2.382,-1.0378,lower_terminal_region
CELL_0822,branch_b_terminal,branch_b,0.8795,2.9257,-1.4166,lower_terminal_region
CELL_0624,branch_a_terminal,branch_a,0.9416,2.9776,1.4995,upper_terminal_region
CELL_0753,branch_b_terminal,branch_b,0.6906,2.5775,-1.1069,lower_terminal_region
CELL_0685,branch_b_terminal,branch_b,0.5691,2.3354,-1.0718,lower_terminal_region
CELL_0386,transition_state,transition,0.4924,0.6924,0.15,left_progenitor_region
CELL_0872,branch_b_terminal,branch_b,0.9285,3.3322,-1.4241,lower_terminal_region
CELL_0509,branch_a_terminal,branch_a,0.6846,2.3608,0.9707,upper_terminal_region
CELL_0267,transition_state,transition,0.291,0.3084,0.2741,left_progenitor_region
CELL_0754,branch_b_terminal,branch_b,0.6975,2.0601,-1.1534,transition_ring_region
CELL_0441,branch_a_terminal,branch_a,0.5114,2.1724,0.7461,transition_ring_region
CELL_0496,branch_a_terminal,branch_a,0.666,2.5725,0.9219,upper_terminal_region
CELL_0112,root_progenitor,root,0.0934,-0.0857,-0.3692,left_progenitor_region
CELL_0232,transition_state,transition,0.2104,0.1188,0.0578,left_progenitor_region
CELL_0780,branch_b_terminal,branch_b,0.7549,2.4089,-1.395,lower_terminal_region
CELL_0607,branch_a_terminal,branch_a,0.914,2.7978,1.0053,upper_terminal_region
CELL_0671,branch_b_terminal,branch_b,0.5312,1.8899,-0.6083,transition_ring_region
CELL_0373,transition_state,transition,0.4615,1.1346,0.3603,central_transition_region
CELL_0881,branch_b_terminal,branch_b,0.9597,3.0418,-1.7253,lower_terminal_region
CELL_0757,branch_b_terminal,branch_b,0.7037,2.7702,-0.7843,lower_terminal_region
CELL_0233,transition_state,transition,0.2031,0.5288,-0.0863,left_progenitor_region
CELL_0707,branch_b_terminal,branch_b,0.5593,2.3297,-0.7657,lower_terminal_region
CELL_0676,branch_b_terminal,branch_b,0.538,2.3187,-1.2833,lower_terminal_region
CELL_0317,transition_state,transition,0.3834,0.3272,0.2944,left_progenitor_region
CELL_0648,branch_a_terminal,branch_a,0.9819,3.3418,1.2323,upper_terminal_region
CELL_0410,transition_state,transition,0.5287,1.023,-0.2003,central_transition_region
CELL_0873,branch_b_terminal,branch_b,0.9462,3.4096,-1.522,lower_terminal_region
CELL_0358,transition_state,transition,0.4581,0.6983,0.0074,left_progenitor_region
CELL_0258,transition_state,transition,0.2531,0.1725,-0.0176,left_progenitor_region
CELL_0627,branch_a_terminal,branch_a,0.9127,3.2459,0.7594,upper_terminal_region
CELL_0632,branch_a_terminal,branch_a,0.9433,3.0643,1.1765,upper_terminal_region
CELL_0282,transition_state,transition,0.2748,0.4796,0.1264,left_progenitor_region
CELL_0376,transition_state,transition,0.4683,0.6815,-0.1996,left_progenitor_region
CELL_0384,transition_state,transition,0.4605,0.8011,-0.0282,central_transition_region
CELL_0224,transition_state,transition,0.2058,0.2034,-0.0093,left_progenitor_region
CELL_0854,branch_b_terminal,branch_b,0.9109,3.1694,-1.6325,lower_terminal_region
CELL_0736,branch_b_terminal,branch_b,0.6516,2.4106,-0.6588,lower_terminal_region
CELL_0472,branch_a_terminal,branch_a,0.5987,2.2546,1.1696,upper_terminal_region
CELL_0347,transition_state,transition,0.4203,0.6489,0.0158,left_progenitor_region
CELL_0505,branch_a_terminal,branch_a,0.7125,2.5496,0.7491,upper_terminal_region
CELL_0639,branch_a_terminal,branch_a,0.9837,3.0288,1.3153,upper_terminal_region
CELL_0887,branch_b_terminal,branch_b,0.9815,3.1113,-1.3991,lower_terminal_region
CELL_0849,branch_b_terminal,branch_b,0.8862,2.5668,-1.1216,lower_terminal_region
CELL_0810,branch_b_terminal,branch_b,0.8153,2.7506,-0.8665,lower_terminal_region
CELL_0619,branch_a_terminal,branch_a,0.9217,2.9377,1.1674,upper_terminal_region
CELL_0767,branch_b_terminal,branch_b,0.7168,2.5285,-1.2668,lower_terminal_region
CELL_0645,branch_a_terminal,branch_a,0.9586,3.1201,1.4869,upper_terminal_region
CELL_0760,branch_b_terminal,branch_b,0.7153,2.2015,-1.1291,lower_terminal_region
CELL_0556,branch_a_terminal,branch_a,0.7936,2.4868,1.5316,upper_terminal_region
CELL_0858,branch_b_terminal,branch_b,0.9233,3.0297,-1.1988,lower_terminal_region
CELL_0577,branch_a_terminal,branch_a,0.8434,2.8895,1.1727,upper_terminal_region
CELL_0085,root_progenitor,root,0.0849,-0.5775,0.0136,left_progenitor_region
CELL_0242,transition_state,transition,0.2575,0.2742,0.4121,left_progenitor_region
CELL_0698,branch_b_terminal,branch_b,0.5882,2.8086,-1.0323,lower_terminal_region
CELL_0159,root_progenitor,root,0.1274,-0.5986,-0.1966,left_progenitor_region
CELL_0524,branch_a_terminal,branch_a,0.7119,2.7711,1.035,upper_terminal_region
CELL_0035,root_progenitor,root,0.0489,-0.063,0.0381,left_progenitor_region
CELL_0540,branch_a_terminal,branch_a,0.7694,2.615,1.4496,upper_terminal_region
CELL_0170,root_progenitor,root,0.1454,-0.0177,0.0836,left_progenitor_region
CELL_0654,branch_a_terminal,branch_a,0.9842,3.0792,1.6357,upper_terminal_region
CELL_0877,branch_b_terminal,branch_b,0.9542,3.0951,-1.5485,lower_terminal_region
CELL_0761,branch_b_terminal,branch_b,0.7171,2.8876,-1.1628,lower_terminal_region
CELL_0846,branch_b_terminal,branch_b,0.9313,3.1428,-1.2544,lower_terminal_region
CELL_0733,branch_b_terminal,branch_b,0.6956,2.7542,-1.1209,lower_terminal_region
CELL_0095,root_progenitor,root,0.0651,-0.3705,-0.5834,left_progenitor_region
CELL_0563,branch_a_terminal,branch_a,0.7918,2.9638,0.8693,upper_terminal_region
CELL_0240,transition_state,transition,0.2474,0.4413,0.0205,left_progenitor_region
CELL_0574,branch_a_terminal,branch_a,0.8427,2.8619,1.4562,upper_terminal_region
CELL_0690,branch_b_terminal,branch_b,0.5438,2.4434,-0.813,lower_terminal_region
CELL_0460,branch_a_terminal,branch_a,0.5845,2.5238,0.8461,upper_terminal_region
CELL_0553,branch_a_terminal,branch_a,0.7852,2.484,1.3462,upper_terminal_region
CELL_0786,branch_b_terminal,branch_b,0.7846,2.7917,-1.0601,lower_terminal_region
CELL_0206,root_progenitor,root,0.1755,-0.1013,-0.4842,left_progenitor_region
CELL_0392,transition_state,transition,0.4856,0.6113,-0.1348,left_progenitor_region
CELL_0397,transition_state,transition,0.5327,0.3218,-0.2756,left_progenitor_region
CELL_0762,branch_b_terminal,branch_b,0.6961,2.5516,-0.8174,lower_terminal_region
CELL_0217,root_progenitor,root,0.2182,0.1468,0.0799,left_progenitor_region
CELL_0004,root_progenitor,root,0.0,-0.2133,-0.0718,left_progenitor_region
CELL_0642,branch_a_terminal,branch_a,0.9662,3.0496,1.0887,upper_terminal_region
CELL_0804,branch_b_terminal,branch_b,0.8008,2.9429,-1.2627,lower_terminal_region
CELL_0612,branch_a_terminal,branch_a,0.9001,2.5786,1.4035,upper_terminal_region
CELL_0738,branch_b_terminal,branch_b,0.6541,2.54,-1.121,lower_terminal_region
CELL_0546,branch_a_terminal,branch_a,0.7823,2.5899,1.0604,upper_terminal_region
CELL_0725,branch_b_terminal,branch_b,0.6211,2.4967,-0.8073,lower_terminal_region
CELL_0683,branch_b_terminal,branch_b,0.5519,2.3359,-0.8707,lower_terminal_region
CELL_0098,root_progenitor,root,0.0955,0.2723,0.3319,left_progenitor_region
CELL_0727,branch_b_terminal,branch_b,0.6476,2.1878,-1.4087,central_transition_region
CELL_0573,branch_a_terminal,branch_a,0.839,2.9412,1.2584,upper_terminal_region
CELL_0406,transition_state,transition,0.5748,0.6491,0.0173,left_progenitor_region
CELL_0502,branch_a_terminal,branch_a,0.6781,2.7302,0.878,upper_terminal_region
CELL_0047,root_progenitor,root,0.0463,0.207,-0.0741,left_progenitor_region
CELL_0032,root_progenitor,root,0.0215,-0.2776,-0.1179,left_progenitor_region
CELL_0200,root_progenitor,root,0.1877,-0.1102,0.008,left_progenitor_region
CELL_0134,root_progenitor,root,0.1003,-0.2129,0.1664,left_progenitor_region
CELL_0027,root_progenitor,root,0.0301,0.3933,0.0965,left_progenitor_region
CELL_0788,branch_b_terminal,branch_b,0.7558,2.2565,-1.0914,lower_terminal_region
CELL_0230,transition_state,transition,0.2294,0.3846,0.1895,left_progenitor_region
CELL_0489,branch_a_terminal,branch_a,0.6555,2.4437,0.9425,upper_terminal_region
CELL_0378,transition_state,transition,0.482,0.5858,0.0297,left_progenitor_region
CELL_0288,transition_state,transition,0.3025,0.5918,0.0242,left_progenitor_region
CELL_0418,transition_state,transition,0.5192,0.9182,-0.0077,central_transition_region
CELL_0674,branch_b_terminal,branch_b,0.5306,2.1564,-0.5628,transition_ring_region
CELL_0391,transition_state,transition,0.5242,0.8619,-0.0205,central_transition_region
CELL_0592,branch_a_terminal,branch_a,0.8468,2.6009,0.8627,upper_terminal_region
CELL_0498,branch_a_terminal,branch_a,0.7038,2.6261,0.7038,upper_terminal_region
CELL_0138,root_progenitor,root,0.156,-0.4579,-0.0839,left_progenitor_region
CELL_0062,root_progenitor,root,0.0591,0.4041,-0.5158,left_progenitor_region
CELL_0471,branch_a_terminal,branch_a,0.6188,2.6142,0.6438,upper_terminal_region
CELL_0647,branch_a_terminal,branch_a,0.9543,3.1425,1.2265,upper_terminal_region
CELL_0128,root_progenitor,root,0.1073,0.266,-0.2855,left_progenitor_region
CELL_0876,branch_b_terminal,branch_b,0.9492,3.3455,-1.5891,lower_terminal_region
CELL_0520,branch_a_terminal,branch_a,0.7035,2.3222,0.9566,upper_terminal_region
CELL_0064,root_progenitor,root,0.0691,-0.3954,0.369,left_progenitor_region
CELL_0014,root_progenitor,root,0.0198,0.7263,-0.2929,left_progenitor_region
CELL_0156,root_progenitor,root,0.1444,-0.1121,0.1131,left_progenitor_region
CELL_0040,root_progenitor,root,0.0477,0.4318,-0.3835,left_progenitor_region
CELL_0492,branch_a_terminal,branch_a,0.6638,2.1619,1.0064,transition_ring_region
CELL_0379,transition_state,transition,0.4626,0.7598,0.0835,left_progenitor_region
CELL_0187,root_progenitor,root,0.1524,-0.3203,-0.1059,left_progenitor_region
CELL_0763,branch_b_terminal,branch_b,0.7179,3.0007,-1.1922,lower_terminal_region
CELL_0216,root_progenitor,root,0.2053,0.417,-0.2759,left_progenitor_region
CELL_0791,branch_b_terminal,branch_b,0.7815,2.7628,-1.1794,lower_terminal_region
CELL_0052,root_progenitor,root,0.0256,0.4552,0.1827,left_progenitor_region
CELL_0337,transition_state,transition,0.4117,0.4995,0.2453,left_progenitor_region
CELL_0748,branch_b_terminal,branch_b,0.6921,2.4342,-1.0748,lower_terminal_region
CELL_0719,branch_b_terminal,branch_b,0.6278,2.5912,-0.773,lower_terminal_region
CELL_0724,branch_b_terminal,branch_b,0.6132,2.6495,-0.7699,lower_terminal_region
CELL_0295,transition_state,transition,0.3343,0.2792,0.2885,left_progenitor_region
CELL_0701,branch_b_terminal,branch_b,0.5739,1.7101,-0.9478,transition_ring_region
CELL_0251,transition_state,transition,0.2508,0.3977,-0.1143,left_progenitor_region
CELL_0726,branch_b_terminal,branch_b,0.648,2.4181,-0.9325,lower_terminal_region
CELL_0461,branch_a_terminal,branch_a,0.5545,2.33,0.6911,upper_terminal_region
CELL_0455,branch_a_terminal,branch_a,0.5859,2.294,0.8349,upper_terminal_region
CELL_0896,branch_b_terminal,branch_b,0.9939,3.1739,-1.564,lower_terminal_region
CELL_0269,transition_state,transition,0.2959,0.4435,0.0816,left_progenitor_region
CELL_0201,root_progenitor,root,0.2047,0.0672,-0.1549,left_progenitor_region
CELL_0161,root_progenitor,root,0.1362,0.0619,-0.0448,left_progenitor_region
CELL_0555,branch_a_terminal,branch_a,0.8104,2.6925,1.2299,upper_terminal_region
CELL_0729,branch_b_terminal,branch_b,0.6275,2.6224,-0.627,lower_terminal_region
CELL_0401,transition_state,transition,0.5189,0.8523,0.1565,central_transition_region
CELL_0702,branch_b_terminal,branch_b,0.5898,2.3715,-0.9834,lower_terminal_region
CELL_0476,branch_a_terminal,branch_a,0.6141,2.3425,0.9369,upper_terminal_region
CELL_0771,branch_b_terminal,branch_b,0.7417,2.4373,-0.9645,lower_terminal_region
CELL_0105,root_progenitor,root,0.0928,-0.2601,0.1187,left_progenitor_region
CELL_0565,branch_a_terminal,branch_a,0.8138,2.4586,1.2191,upper_terminal_region
CELL_0389,transition_state,transition,0.4571,0.953,-0.2117,central_transition_region
CELL_0001,root_progenitor,root,0.0,0.0441,-0.2711,left_progenitor_region
CELL_0839,branch_b_terminal,branch_b,0.8633,3.1526,-1.0205,lower_terminal_region
CELL_0561,branch_a_terminal,branch_a,0.7901,2.251,0.9885,upper_terminal_region
CELL_0080,root_progenitor,root,0.0799,0.027,0.3274,left_progenitor_region
CELL_0205,root_progenitor,root,0.1865,0.4027,0.6373,left_progenitor_region
CELL_0034,root_progenitor,root,0.0403,-0.073,-0.0259,left_progenitor_region
CELL_0775,branch_b_terminal,branch_b,0.7524,2.5482,-1.2092,lower_terminal_region
CELL_0508,branch_a_terminal,branch_a,0.6978,2.733,1.1197,upper_terminal_region
CELL_0427,branch_a_terminal,branch_a,0.5246,1.8176,0.8289,transition_ring_region
CELL_0454,branch_a_terminal,branch_a,0.575,2.4109,0.5451,upper_terminal_region
CELL_0366,transition_state,transition,0.4548,0.7313,-0.1123,left_progenitor_region
CELL_0091,root_progenitor,root,0.0816,0.2051,-0.0984,left_progenitor_region
CELL_0339,transition_state,transition,0.3898,0.7599,0.2484,left_progenitor_region
CELL_0564,branch_a_terminal,branch_a,0.7925,2.8039,1.3919,upper_terminal_region
CELL_0345,transition_state,transition,0.4236,0.9031,-0.0543,central_transition_region
CELL_0776,branch_b_terminal,branch_b,0.7557,2.7709,-1.2991,lower_terminal_region
CELL_0241,transition_state,transition,0.2463,0.3429,0.3177,left_progenitor_region
CELL_0013,root_progenitor,root,0.0288,-0.2742,0.4592,left_progenitor_region
CELL_0315,transition_state,transition,0.3841,0.3527,-0.0408,left_progenitor_region
CELL_0600,branch_a_terminal,branch_a,0.8666,3.0376,1.083,upper_terminal_region
CELL_0387,transition_state,transition,0.492,1.086,0.3921,central_transition_region
CELL_0273,transition_state,transition,0.293,0.3935,-0.1484,left_progenitor_region
CELL_0166,root_progenitor,root,0.1656,0.0741,0.5088,left_progenitor_region
CELL_0840,branch_b_terminal,branch_b,0.8687,2.713,-1.1095,lower_terminal_region
CELL_0892,branch_b_terminal,branch_b,1.0,2.9029,-1.4718,lower_terminal_region
CELL_0646,branch_a_terminal,branch_a,0.986,2.8139,1.3482,upper_terminal_region
CELL_0818,branch_b_terminal,branch_b,0.8353,2.6647,-1.5774,lower_terminal_region
CELL_0484,branch_a_terminal,branch_a,0.6373,2.4771,1.1716,upper_terminal_region
CELL_0880,branch_b_terminal,branch_b,0.9522,2.8931,-1.5683,lower_terminal_region
CELL_0504,branch_a_terminal,branch_a,0.6602,2.5089,0.8506,upper_terminal_region
CELL_0831,branch_b_terminal,branch_b,0.8687,3.1768,-0.9666,lower_terminal_region
CELL_0243,transition_state,transition,0.2326,0.3084,-0.2554,left_progenitor_region
CELL_0566,branch_a_terminal,branch_a,0.8093,2.8352,1.1538,upper_terminal_region
CELL_0562,branch_a_terminal,branch_a,0.794,2.8844,1.4336,upper_terminal_region
CELL_0686,branch_b_terminal,branch_b,0.553,2.3428,-0.6478,lower_terminal_region
CELL_0189,root_progenitor,root,0.1974,0.0604,-0.4437,left_progenitor_region
CELL_0782,branch_b_terminal,branch_b,0.7445,2.4974,-1.2716,lower_terminal_region
CELL_0699,branch_b_terminal,branch_b,0.5887,2.1937,-0.9443,transition_ring_region
CELL_0475,branch_a_terminal,branch_a,0.6426,2.4714,0.9134,upper_terminal_region
CELL_0681,branch_b_terminal,branch_b,0.5339,2.2023,-0.8399,lower_terminal_region
CELL_0510,branch_a_terminal,branch_a,0.6845,2.2057,0.8217,upper_terminal_region
CELL_0058,root_progenitor,root,0.04,-0.1678,0.078,left_progenitor_region
CELL_0474,branch_a_terminal,branch_a,0.6215,2.3237,0.8554,upper_terminal_region
CELL_0560,branch_a_terminal,branch_a,0.8106,2.9452,1.235,upper_terminal_region
CELL_0856,branch_b_terminal,branch_b,0.9173,2.8974,-1.4543,lower_terminal_region
CELL_0747,branch_b_terminal,branch_b,0.6815,2.3219,-1.2543,lower_terminal_region
CELL_0252,transition_state,transition,0.2706,0.3759,0.3764,left_progenitor_region
CELL_0021,root_progenitor,root,0.009,0.058,-0.1388,left_progenitor_region
CELL_0313,transition_state,transition,0.3943,0.4947,0.1085,left_progenitor_region
CELL_0459,branch_a_terminal,branch_a,0.5671,1.8048,0.9198,transition_ring_region
CELL_0160,root_progenitor,root,0.1316,-0.4216,-0.2066,left_progenitor_region
CELL_0276,transition_state,transition,0.275,0.4527,0.1234,left_progenitor_region
CELL_0191,root_progenitor,root,0.1717,0.3186,-0.1569,left_progenitor_region
CELL_0385,transition_state,transition,0.4906,1.0117,0.2015,central_transition_region
CELL_0805,branch_b_terminal,branch_b,0.8062,2.6534,-0.868,lower_terminal_region
CELL_0413,transition_state,transition,0.5399,0.7357,-0.3615,left_progenitor_region
CELL_0491,branch_a_terminal,branch_a,0.6324,1.9085,1.0783,transition_ring_region
CELL_0343,transition_state,transition,0.4297,0.4006,-0.1589,left_progenitor_region
CELL_0769,branch_b_terminal,branch_b,0.7351,2.8162,-1.1285,lower_terminal_region
CELL_0308,transition_state,transition,0.3492,0.7013,-0.1116,left_progenitor_region
CELL_0661,branch_b_terminal,branch_b,0.4937,2.1033,-0.8993,transition_ring_region
CELL_0130,root_progenitor,root,0.1129,0.0558,0.3583,left_progenitor_region
CELL_0663,branch_b_terminal,branch_b,0.5025,2.1357,-0.6379,transition_ring_region
CELL_0871,branch_b_terminal,branch_b,0.9275,2.8465,-1.5826,lower_terminal_region
CELL_0099,root_progenitor,root,0.0768,-0.0173,0.3384,left_progenitor_region
CELL_0372,transition_state,transition,0.4711,0.5294,-0.1722,left_progenitor_region
CELL_0087,root_progenitor,root,0.0796,0.1755,0.0346,left_progenitor_region
CELL_0458,branch_a_terminal,branch_a,0.5621,2.2426,1.049,upper_terminal_region
CELL_0330,transition_state,transition,0.4194,0.673,-0.0302,left_progenitor_region
CELL_0214,root_progenitor,root,0.1905,0.0411,-0.0976,left_progenitor_region
CELL_0466,branch_a_terminal,branch_a,0.5813,2.2441,0.726,upper_terminal_region
CELL_0121,root_progenitor,root,0.1132,-0.3974,-0.5182,left_progenitor_region
CELL_0614,branch_a_terminal,branch_a,0.9279,2.7291,1.5004,upper_terminal_region
CELL_0020,root_progenitor,root,0.0155,-0.0595,-0.0666,left_progenitor_region
CELL_0700,branch_b_terminal,branch_b,0.5839,2.1865,-1.0539,transition_ring_region
CELL_0071,root_progenitor,root,0.0478,0.25,-0.2646,left_progenitor_region
CELL_0106,root_progenitor,root,0.0826,-0.0328,-0.4577,left_progenitor_region
CELL_0270,transition_state,transition,0.2877,0.7226,0.0262,left_progenitor_region
CELL_0860,branch_b_terminal,branch_b,0.9502,2.9536,-1.562,lower_terminal_region
CELL_0435,branch_a_terminal,branch_a,0.5317,2.2809,0.8595,upper_terminal_region
CELL_0102,root_progenitor,root,0.0878,-0.222,-0.0895,left_progenitor_region
